1446577201, 1.10759679369, 4.90026688576, 0, 0.099680185318, 75-130-96-12.static.oxfr.ma.charter.com, 0, 1
1446577202, 1.10759679369, 4.90251398087, 0, 0.0974140167236, planetlab3.rutgers.edu, 0, 1
1446577203, 1.10759679369, 4.89715409279, 0, 0.102782011032, pluto.cs.brown.edu, 0, 1
1446577204, 4.99992576968, 13.2840189934, 0, 0.670198202133, pluto.cs.brown.edu, 2, 9
1446577205, 4.99992576968, 17.8832190037, 0, 0.400737047195, pluto.cs.brown.edu, 3, 9
1446577206, 4.99992576968, 21.5051879883, 0, 1.37796521187, pluto.cs.brown.edu, 4, 9
1446577207, 4.99992576968, 25.2259480953, 0, 1.27917289734, pluto.cs.brown.edu, 5, 9
1446577208, 3.52839537269, 14.5209820271, 0, 1.68806099892, planetlab2.pop-mg.rnp.br, 3, 5
1446577209, 4.99992576968, 29.022495985, 0, 0.977123022079, pluto.cs.brown.edu, 6, 9
1446577210, 4.99992576968, 27.0872838497, 0, 1.02685403824, planetlab3.rutgers.edu, 6, 9
1446577211, 4.20841691284, 14.6029901505, 0, 1.52506804466, planetlabone.ccs.neu.edu, 3, 7
1446577212, 4.99992576968, 19.8825228214, 0, 1.7062702179, planetlab2.temple.edu, 5, 9
1446577213, 4.99992576968, 29.5634930134, 0, 0.43270111084, pluto.cs.brown.edu, 7, 9
1446577214, 4.99992576968, 20.833124876, 0, 2.7507250309, planetlab2.cnis.nyit.edu, 5, 9
1446577215, 3.87390610585, 16.2548758984, 0, 1.89371109009, 75-130-96-12.static.oxfr.ma.charter.com, 5, 6
1446577216, 4.99992576968, 29.2361550331, 0, 0.761476993561, planetlab2.clemson.edu, 7, 9
1446577217, 4.99992576968, 28.4994049072, 0, 0.824320077896, planetlab2.cnis.nyit.edu, 7, 9
1446577218, 4.99992576968, 29.4472150803, 0, 0.548945903778, pluto.cs.brown.edu, 8, 9
1446577219, 4.71879822859, 18.6278481483, 0, 2.3969848156, planetlabtwo.ccs.neu.edu, 6, 8
1446577220, 4.71879822859, 23.2453598976, 0, 1.45200800896, planetlab2.acis.ufl.edu, 7, 8
1446577221, 4.99992576968, 29.2492070198, 0, 0.74730014801, planetlab2.clemson.edu, 8, 9
1446577222, 4.99992576968, 29.1691038609, 0, 0.830533027649, planetlab2.temple.edu, 9, 9
1446577223, 4.99992576968, 28.8616161346, 0, 1.13381290436, planetlab3.cnds.jhu.edu, 9, 9
1446577224, 4.99992576968, 29.0207371712, 0, 0.975440979004, pluto.cs.brown.edu, 9, 9
1446577225, 3.52839537269, 27.3592400551, 0, 2.63891196251, planetlab2.pop-mg.rnp.br, 9, 5
1446577226, 4.99992576968, 28.9465749264, 0, 1.04879117012, planetlab1.cnis.nyit.edu, 8, 9
1446577227, 4.71879822859, 26.2361388206, 0, 3.7631020546, planetlab2.acis.ufl.edu, 9, 8
1446577228, 4.99992576968, 28.5932538509, 0, 1.40419411659, planetlab3.rutgers.edu, 10, 9
1446577229, 4.99992576968, 27.6755940914, 0, 2.32070207596, planetlab2.tsuniv.edu, 10, 9
1446577230, 3.52839537269, 27.3466959, 0, 2.65146112442, planetlab1.pop-mg.rnp.br, 10, 5
1446577232, 4.99992576968, 29.4792399406, 0, 0.517267942429, planetlab3.rutgers.edu, 11, 9
1446577233, 4.99992576968, 29.2767970562, 0, 0.719619989395, planet4.cc.gt.atl.ga.us, 11, 9
1446577234, 3.52839537269, 28.2196481228, 0, 1.77805089951, planetlab1.pop-mg.rnp.br, 11, 5
1446577236, 3.07036303898, 26.8811161518, 0, 1.39411592484, planetlab2.cti.espol.edu.ec, 11, 4
1446577237, 4.99992576968, 29.2989637852, 0, 0.696719169617, planetlab1.temple.edu, 12, 9
1446577238, 4.99992576968, 29.2096447945, 0, 0.785862207413, planetlab3.rutgers.edu, 12, 9
1446577239, 3.52839537269, 28.5589101315, 0, 1.43897891045, planetlab2.cti.espol.edu.ec, 12, 5
1446577242, 1.10759679369, 7.82234883308, 0, 5.48795509338, planetlab-2.cse.ohio-state.edu, 8, 1
1446577243, 4.99992576968, 28.837318182, 0, 1.15897893906, planetlab3.cnds.jhu.edu, 13, 9
1446577244, 4.99992576968, 28.5176379681, 0, 1.47847700119, planet3.cc.gt.atl.ga.us, 13, 9
1446577245, 3.52839537269, 26.9671199322, 0, 3.02979302406, planetlab1.pop-mg.rnp.br, 13, 5
1446577246, 3.87390610585, 26.9190649986, 0, 3.07753300667, planetlab2.cti.espol.edu.ec, 13, 6
1446577247, 4.99992576968, 29.8133299351, 0, 0.182389974594, planetlab1.cnds.jhu.edu, 14, 9
1446577248, 4.99992576968, 29.3251409531, 0, 0.672242879868, planetlab3.rutgers.edu, 14, 9
1446577249, 1.10759679369, 3.8815009594, 0, 7.36874604225, planetlab2.rutgers.edu, 5, 1
1446577250, 3.87390610585, 26.9060719013, 0, 3.09223914146, planetlab1.pop-mg.rnp.br, 14, 6
1446577251, 4.20841691284, 26.612195015, 0, 3.38560199738, planetlab2.cti.espol.edu.ec, 14, 7
1446577253, 4.99992576968, 28.7605018616, 0, 1.23588204384, planetlab3.rutgers.edu, 15, 9
1446577254, 4.99992576968, 27.9562330246, 0, 2.04021716118, planetlab3.cnds.jhu.edu, 15, 9
1446577255, 4.99992576968, 27.1115698814, 0, 2.88459801674, planet2.cc.gt.atl.ga.us, 15, 9
1446577256, 4.99992576968, 26.434472084, 0, 3.56201982498, planetlab1.cs.uml.edu, 15, 9
1446577257, 4.99992576968, 29.4814939499, 0, 0.516356945038, planetlab2.temple.edu, 16, 9
1446577258, 4.99992576968, 28.5779800415, 0, 1.42098093033, planetlab2.tsuniv.edu, 16, 9
1446577259, 3.07036303898, 22.7473659515, 0, 7.25154209137, planetlab1.tsuniv.edu, 15, 4
1446577260, 3.87390610585, 22.4707229137, 0, 7.52728509903, planetlab2.pop-mg.rnp.br, 15, 6
1446577261, 3.87390610585, 25.7622349262, 0, 2.65290307999, planetlab1.pop-mg.rnp.br, 16, 6
1446577262, 4.99992576968, 29.5950930119, 0, 0.400228023529, planetlab2.temple.edu, 17, 9
1446577263, 4.99992576968, 28.6532781124, 0, 1.34436988831, planetlab5.csee.usf.edu, 17, 9
1446577265, 3.07036303898, 21.3164520264, 0, 6.43086004257, planetlab1.tsuniv.edu, 16, 4
1446577267, 2.01259578711, 24.3529000282, 0, 1.96349596977, planetlab1.tsuniv.edu, 17, 2
1446577268, 4.71879822859, 28.6905310154, 0, 1.30559802055, planetlab5.csee.usf.edu, 18, 8
1446577269, 2.01259578711, 27.8822081089, 0, 1.47063803673, planetlab1.tsuniv.edu, 18, 2
1446577272, 4.99992576968, 29.5178918839, 0, 0.477632045746, planetlab2.cs.uml.edu, 19, 9
1446577273, 4.99992576968, 28.6031849384, 0, 1.39614510536, planetlab5.csee.usf.edu, 19, 9
1446577274, 2.01259578711, 21.4989728928, 0, 0.862999200821, planetlab1.rutgers.edu, 17, 2
1446577275, 3.07036303898, 25.4610309601, 0, 1.03776097298, planetlab1.rutgers.edu, 18, 4
1446577276, 4.99992576968, 29.1113271713, 0, 0.884438991547, planetlab2.clemson.edu, 19, 9
1446577277, 4.99992576968, 29.3260807991, 0, 0.669865131378, planetlab1.temple.edu, 20, 9
1446577279, 3.87390610585, 26.8458619118, 0, 3.15336418152, planetlab1.rutgers.edu, 19, 6
1446577280, 4.99992576968, 27.0730340481, 0, 2.92301416397, planet4.cc.gt.atl.ga.us, 20, 9
1446577281, 4.99992576968, 28.5946979523, 0, 1.40062904358, planetlab2.cnis.nyit.edu, 20, 9
1446577282, 4.99992576968, 28.5063581467, 0, 1.48934292793, planetlab2.clemson.edu, 20, 9
1446577284, 3.52839537269, 26.8133308887, 0, 3.18457508087, planetlab1.rutgers.edu, 20, 5
1446577286, 4.99992576968, 25.8757250309, 0, 4.12128806114, planetlab2.tsuniv.edu, 21, 9
1446577287, 4.99992576968, 25.2948510647, 0, 4.70274186134, planetlab2.cs.uml.edu, 21, 9
1446577288, 0.236172172454, 0, 13.0284330845, 19.8974561691, planetlab2.csee.usf.edu, 2, 1
1446577290, 4.20841691284, 26.9783148766, 0, 2.21511101723, planetlab3.rutgers.edu, 22, 7
1446577291, 3.52839537269, 24.3623108864, 0, 5.63558602333, planetlab1.rutgers.edu, 21, 5
1446577293, 2.64223540346, 28.2184660435, 0, 1.14367103577, planetlab1.rutgers.edu, 22, 3
1446577295, 0.669146087647, 0, 1.81274199486, 6.81257295609, planetlab2.csee.usf.edu, 3, 1
1446577297, 4.99992576968, 23.2543818951, 0, 6.7425391674, planetlab2.cnis.nyit.edu, 22, 9
1446577298, 2.64223540346, 23.0599889755, 0, 6.5784471035, planetlab1.tsuniv.edu, 23, 3
1446577299, 4.99992576968, 18.4739801884, 0, 11.5233469009, planetlab3.cnds.jhu.edu, 22, 9
1446577300, 4.99992576968, 26.7883780003, 0, 0.642392158508, planetlab3.cnds.jhu.edu, 24, 9
1446577301, 4.71879822859, 20.7878530025, 0, 9.21176981926, planetlab2.temple.edu, 23, 8
1446577302, 4.71879822859, 24.3873100281, 0, 0.959760904312, planetlab-01.vt.nodes.planet-lab.org, 24, 8
1446577303, 4.99992576968, 18.583370924, 0, 11.4151370525, planetlab3.rutgers.edu, 23, 9
1446577305, 4.71879822859, 25.458564043, 0, 4.53963088989, planetlab1.rutgers.edu, 24, 8
1446577306, 4.71879822859, 24.9502260685, 0, 1.06899189949, 75-130-96-12.static.oxfr.ma.charter.com, 25, 8
1446577307, 4.99992576968, 25.4317321777, 0, 4.56644201279, pluto.cs.brown.edu, 25, 9
1446577308, 4.99992576968, 24.1380708218, 0, 5.86143708229, planetlab1.acis.ufl.edu, 25, 9
1446577309, 4.71879822859, 26.6056210995, 0, 3.39359498024, planetlab1.rutgers.edu, 25, 8
1446577310, 4.99992576968, 21.6860740185, 0, 8.29746317863, planetlab3.cnds.jhu.edu, 25, 9
1446577311, 2.64223540346, 25.8828439713, 0, 2.41279196739, planetlab2.pop-mg.rnp.br, 26, 3
1446577312, 4.20841691284, 24.507917881, 0, 2.11144208908, planetlab-04.vt.nodes.planet-lab.org, 26, 7
1446577314, 4.99992576968, 26.4559659958, 0, 3.54102993011, planetlab2.cnis.nyit.edu, 26, 9
1446577315, 3.87390610585, 27.7107300758, 0, 0.407180070877, 75-130-96-13.static.oxfr.ma.charter.com, 27, 6
1446577316, 4.20841691284, 20.2607731819, 0, 5.40251994133, saturn.planetlab.carleton.ca, 26, 7
1446577317, 2.64223540346, 25.6711890697, 0, 4.32870292664, planetlab1.pop-mg.rnp.br, 27, 3
1446577318, 3.07036303898, 24.4798998833, 0, 0.849019050598, planetlab1.acis.ufl.edu, 27, 4
1446577320, 3.52839537269, 27.5249471664, 0, 0.308151006699, pluto.cs.brown.edu, 28, 5
1446577321, 3.87390610585, 20.7591798306, 0, 5.33037209511, planetlab3.rutgers.edu, 27, 6
1446577322, 3.52839537269, 25.4001660347, 0, 0.640000104904, planet4.cc.gt.atl.ga.us, 28, 5
1446577323, 4.20841691284, 29.4117381573, 0, 0.58670592308, planetlab3.cnds.jhu.edu, 29, 7
1446577324, 4.71879822859, 16.9335420132, 0, 13.0445389748, planetlab1.rutgers.edu, 26, 8
1446577325, 4.99992576968, 27.4415931702, 0, 2.55659103394, pluto.cs.brown.edu, 29, 9
1446577326, 3.07036303898, 19.9228889942, 0, 2.01051712036, planetlab1.rutgers.edu, 27, 4
1446577327, 4.71879822859, 24.7132110596, 0, 5.28478002548, planetlab2.cs.uml.edu, 29, 8
1446577328, 0.618958636474, 0, 2.29657006264, 7.29639005661, planetlab-2.cse.ohio-state.edu, 22, 1
1446577329, 4.71879822859, 27.8771569729, 0, 2.12135100365, planetlab3.rutgers.edu, 30, 8
1446577330, 2.64223540346, 26.0268819332, 0, 3.97144412994, planetlab1.tsuniv.edu, 30, 3
1446577331, 3.07036303898, 25.8579061031, 0, 4.14024591446, planetlab2.pop-mg.rnp.br, 30, 4
1446577332, 4.99992576968, 28.6560549736, 0, 1.34007191658, planetlab1.cnis.nyit.edu, 29, 9
1446577333, 3.87390610585, 28.6016750336, 0, 1.39732003212, planetlab2.tsuniv.edu, 31, 6
1446577335, 3.87390610585, 26.653927803, 0, 3.34523415565, planet2.cc.gt.atl.ga.us, 31, 6
1446577336, 3.07036303898, 26.3355689049, 0, 3.66175508499, planetlab1.pop-mg.rnp.br, 31, 4
1446577337, 4.99992576968, 28.45809412, 0, 1.53923296928, planetlab2.clemson.edu, 31, 9
1446577338, 4.99992576968, 23.4562849998, 0, 6.54109883308, planetlab3.rutgers.edu, 31, 9
1446577340, 3.52839537269, 26.6083159447, 0, 3.3893430233, planetlab2.temple.edu, 32, 5
1446577341, 4.99992576968, 26.5479590893, 0, 3.44637298584, planetlab3.cnds.jhu.edu, 32, 9
1446577342, 3.87390610585, 24.9302289486, 0, 3.52598404884, planetlab3.rutgers.edu, 32, 6
1446577344, 3.87390610585, 27.7020537853, 0, 2.29612016678, planet2.cc.gt.atl.ga.us, 33, 6
1446577345, 3.52839537269, 26.9409618378, 0, 3.05730700493, planetlab2.temple.edu, 33, 5
1446577346, 2.64223540346, 25.6441240311, 0, 4.35503101349, planetlab2.pop-mg.rnp.br, 33, 3
1446577347, 4.99992576968, 24.826636076, 0, 5.1718120575, planetlab3.cnds.jhu.edu, 33, 9
1446577349, 3.52839537269, 28.1437499523, 0, 0.3772752285, planetlab2.tsuniv.edu, 34, 5
1446577350, 4.71879822859, 26.6667568684, 0, 3.33107209206, ebb.colgate.edu, 34, 8
1446577351, 4.71879822859, 26.3403429985, 0, 3.65819215775, planet4.cc.gt.atl.ga.us, 34, 8
1446577352, 3.87390610585, 29.702901125, 0, 0.295029878616, planetlab3.cnds.jhu.edu, 35, 6
1446577353, 4.20841691284, 27.2875831127, 0, 0.5193400383, planetlab2.clemson.edu, 34, 7
1446577354, 3.07036303898, 28.0932691097, 0, 1.90287399292, planetlab5.csee.usf.edu, 35, 4
1446577355, 0.438883452407, 0, 5.10226488113, 10.10212183, planetlab2.rutgers.edu, 19, 1
1446577356, 4.20841691284, 25.8169310093, 0, 4.17893195152, node1.planetlab.mathcs.emory.edu, 35, 7
1446577357, 1.10759679369, 3.02130913734, 0, 1.97855186462, planetlab-2.cse.ohio-state.edu, 27, 1
1446577358, 4.71879822859, 23.8665590286, 0, 6.13050293922, planetlab2.tsuniv.edu, 35, 8
1446577359, 4.99992576968, 22.6069700718, 0, 7.39068579674, planetlab2.cs.uml.edu, 35, 9
1446577361, 4.20841691284, 25.6807420254, 0, 4.31639814377, node2.planetlab.mathcs.emory.edu, 36, 7
1446577362, 3.87390610585, 24.9762339592, 0, 5.0131881237, planetlab1.cs.uml.edu, 36, 6
1446577363, 4.99992576968, 24.3002920151, 0, 5.69482111931, planetlab3.cnds.jhu.edu, 36, 9
1446577364, 4.99992576968, 21.7440900803, 0, 8.25348711014, planetlab2.clemson.edu, 35, 9
1446577365, 4.99992576968, 22.020029068, 0, 7.9777328968, plink.cs.uwaterloo.ca, 36, 9
1446577366, 4.71879822859, 25.7698249817, 0, 2.82868599892, plonk.cs.uwaterloo.ca, 37, 8
1446577367, 3.52839537269, 25.1660010815, 0, 3.63962388039, planetlab-5.eecs.cwru.edu, 37, 5
1446577368, 3.52839537269, 19.9584190845, 0, 7.13263893127, planetlab2.cti.espol.edu.ec, 36, 5
1446577369, 3.07036303898, 23.3699040413, 0, 1.58842206001, planetlab2.cti.espol.edu.ec, 37, 4
1446577370, 4.71879822859, 25.3687000275, 0, 4.62857413292, planetlabone.ccs.neu.edu, 37, 8
1446577371, 0.2995805193, 0, 9.55996990204, 14.5598349571, planetlab2.csee.usf.edu, 10, 1
1446577372, 4.20841691284, 19.6412770748, 0, 7.37866997719, plink.cs.uwaterloo.ca, 37, 7
1446577373, 3.52839537269, 24.1265940666, 0, 0.514602899551, plink.cs.uwaterloo.ca, 38, 5
1446577374, 1.10759679369, 1.69472289085, 0, 3.30511593819, planetlab2.csee.usf.edu, 11, 1
1446577376, 0.402589865411, 0, 5.98532485962, 10.9851508141, planetlab2.rutgers.edu, 21, 1
1446577377, 2.64223540346, 19.2530801296, 0, 5.83369398117, planetlab1.tsuniv.edu, 38, 3
1446577378, 3.52839537269, 24.3367331028, 0, 5.6622698307, planetlab5.csee.usf.edu, 39, 5
1446577379, 4.99992576968, 17.3075740337, 0, 12.6915180683, plonk.cs.uwaterloo.ca, 38, 9
1446577380, 3.52839537269, 21.8094210625, 0, 0.498072862625, plonk.cs.uwaterloo.ca, 39, 5
1446577381, 3.87390610585, 24.4428579807, 0, 2.08609318733, planetlabone.ccs.neu.edu, 39, 6
1446577382, 4.99992576968, 19.7839519978, 0, 9.34258008003, plink.cs.uwaterloo.ca, 39, 9
1446577383, 3.07036303898, 24.6660470963, 0, 1.02849602699, planetlab2.cti.espol.edu.ec, 40, 4
1446577384, 3.52839537269, 23.4178221226, 0, 6.57936477661, planetlab1.pop-mg.rnp.br, 40, 5
1446577385, 3.52839537269, 22.0848090649, 0, 0.46991610527, planetlab2.tsuniv.edu, 40, 5
1446577386, 3.87390610585, 27.0828230381, 0, 2.58313894272, planetlab2.cti.espol.edu.ec, 41, 6
1446577387, 2.64223540346, 25.3369860649, 0, 3.08078193665, planetlab1.pop-mg.rnp.br, 41, 3
1446577388, 4.99992576968, 23.4494271278, 0, 3.63532400131, planetlab2.tsuniv.edu, 41, 9
1446577389, 4.99992576968, 26.5556371212, 0, 3.34658288956, planetlab2.clemson.edu, 41, 9
1446577391, 2.64223540346, 26.2058110237, 0, 3.79371404648, planetlab1.pop-mg.rnp.br, 42, 3
1446577392, 4.71879822859, 24.979498148, 0, 3.46986985207, planetlab2.tsuniv.edu, 42, 8
1446577395, 4.71879822859, 21.6526978016, 0, 7.24531817436, planetlab-04.vt.nodes.planet-lab.org, 42, 8
1446577396, 4.71879822859, 21.5699119568, 0, 8.42931294441, planetlab2.acis.ufl.edu, 42, 8
1446577397, 4.99992576968, 20.0657601357, 0, 9.92918992043, planetlab3.cnds.jhu.edu, 42, 9
1446577398, 4.99992576968, 19.3799529076, 0, 10.6194500923, planet3.cc.gt.atl.ga.us, 42, 9
1446577399, 3.87390610585, 23.3246281147, 0, 6.67434382439, planetlab2.pop-mg.rnp.br, 43, 6
1446577400, 4.20841691284, 22.0738301277, 0, 2.99186086655, planetlab3.cnds.jhu.edu, 43, 7
1446577401, 4.99992576968, 20.4198391438, 0, 9.55960083008, planetlab2.tsuniv.edu, 43, 9
1446577402, 2.64223540346, 25.5059399605, 0, 2.81863498688, planetlab2.pop-mg.rnp.br, 44, 3
1446577403, 3.87390610585, 27.8359131813, 0, 0.863826990128, planetlab2.clemson.edu, 44, 6
1446577404, 3.87390610585, 27.6138870716, 0, 0.973942995071, planetlab2.tsuniv.edu, 45, 6
1446577405, 2.64223540346, 27.5620911121, 0, 2.43730592728, planetlab2.pop-mg.rnp.br, 45, 3
1446577406, 4.20841691284, 26.6135048866, 0, 1.6985142231, planet3.cc.gt.atl.ga.us, 45, 7
1446577408, 4.71879822859, 23.5768709183, 0, 4.30690217018, planetlab1.cs.uml.edu, 45, 8
1446577409, 3.87390610585, 27.1487770081, 0, 2.84923696518, planetlab2.temple.edu, 46, 6
1446577411, 3.07036303898, 26.3975310326, 0, 3.600440979, planetlab2.pop-mg.rnp.br, 46, 4
1446577412, 4.71879822859, 25.1589810848, 0, 3.41780805588, planetlab1.cs.uml.edu, 46, 8
1446577413, 4.99992576968, 24.5974311829, 0, 5.39705491066, planetlab3.cnds.jhu.edu, 46, 9
1446577414, 4.99992576968, 23.1664340496, 0, 6.83109498024, planet4.cc.gt.atl.ga.us, 46, 9
1446577415, 4.20841691284, 25.3152770996, 0, 1.44956588745, planetlab2.clemson.edu, 46, 7
1446577416, 3.87390610585, 25.7924740314, 0, 3.11036300659, plonk.cs.uwaterloo.ca, 47, 6
1446577417, 3.52839537269, 29.3063788414, 0, 0.692660093307, planetlab1.temple.edu, 48, 5
1446577418, 3.52839537269, 29.0609531403, 0, 0.938368797302, planetlab1.cs.uml.edu, 48, 5
1446577419, 3.52839537269, 28.276517868, 0, 1.7230899334, planetlab3.rutgers.edu, 48, 5
1446577421, 3.52839537269, 26.3429870605, 0, 3.65303993225, planetlab2.pop-mg.rnp.br, 48, 5
1446577422, 3.52839537269, 29.241973877, 0, 0.699535131454, pl1.rcc.uottawa.ca, 49, 5
1446577423, 3.87390610585, 24.0869190693, 0, 5.91074299812, node2.planetlab.mathcs.emory.edu, 48, 6
1446577424, 3.87390610585, 22.8972241879, 0, 7.10209798813, planetlab3.cnds.jhu.edu, 48, 6
1446577425, 2.64223540346, 21.8697910309, 0, 8.12840008736, planetlab1.pop-mg.rnp.br, 48, 3
1446577426, 3.52839537269, 25.7048540115, 0, 0.735960006714, planetlab2.tsuniv.edu, 49, 5
1446577427, 2.01259578711, 24.2988891602, 0, 5.41912579536, planetlab1.tsuniv.edu, 49, 2
1446577428, 4.99992576968, 23.7988328934, 0, 6.19715118408, plonk.cs.uwaterloo.ca, 49, 9
1446577429, 3.87390610585, 23.178426981, 0, 0.582395076752, plink.cs.uwaterloo.ca, 49, 6
1446577431, 4.99992576968, 25.2074267864, 0, 0.174948215485, planetlab1.cnds.jhu.edu, 50, 9
1446577432, 4.20841691284, 23.3675310612, 0, 6.63111281395, planetlab2.cnis.nyit.edu, 49, 7
1446577434, 3.07036303898, 23.1832120419, 0, 6.35391187668, planetlab1.pop-mg.rnp.br, 50, 4
1446577435, 4.71879822859, 22.0982558727, 0, 6.70049715042, plonk.cs.uwaterloo.ca, 50, 8
1446577436, 3.87390610585, 25.817332983, 0, 3.79006695747, planetlab3.rutgers.edu, 51, 6
1446577437, 4.99992576968, 20.1875560284, 0, 7.99079084396, plink.cs.uwaterloo.ca, 50, 9
1446577438, 3.87390610585, 22.4725880623, 0, 7.40994906425, planetlab2.clemson.edu, 50, 6
1446577439, 3.87390610585, 20.7017469406, 0, 7.66572809219, planetlab2.cnis.nyit.edu, 50, 6
1446577441, 2.64223540346, 20.8239281178, 0, 5.67165279388, planetlab2.pop-mg.rnp.br, 51, 3
1446577442, 4.99992576968, 29.8313558102, 0, 0.164258003235, planetlab1.cnds.jhu.edu, 53, 9
1446577443, 3.87390610585, 24.2602889538, 0, 5.7392179966, planetlab3.rutgers.edu, 52, 6
1446577444, 3.52839537269, 28.3783311844, 0, 0.152762889862, planetlab3.cnds.jhu.edu, 53, 5
1446577445, 3.52839537269, 27.5651299953, 0, 2.16632008553, planetlab2.pop-mg.rnp.br, 53, 5
1446577446, 3.07036303898, 25.6817369461, 0, 0.83252120018, planetlab5.csee.usf.edu, 53, 4
1446577447, 2.64223540346, 21.3630290031, 0, 0.686416864395, planetlab2.acis.ufl.edu, 52, 3
1446577448, 4.99992576968, 27.4393808842, 0, 2.55841898918, planetlab2.cnis.nyit.edu, 53, 9
1446577449, 1.10759679369, 1.16089296341, 0, 3.83896303177, planetlab-2.cse.ohio-state.edu, 40, 1
1446577451, 4.99992576968, 29.0279378891, 0, 0.968829154968, planetlab1.cnis.nyit.edu, 53, 9
1446577452, 4.20841691284, 20.6066269875, 0, 5.75633192062, planetlab2.acis.ufl.edu, 53, 7
1446577454, 3.52839537269, 23.4138989449, 0, 6.58381700516, planetlab2.pop-mg.rnp.br, 54, 5
1446577455, 0.887708671355, 0, 0.503831863403, 5.50365281105, planetlab2.rutgers.edu, 31, 1
1446577457, 3.52839537269, 29.5695700645, 0, 0.428959131241, planet4.cc.gt.atl.ga.us, 56, 5
1446577458, 4.99992576968, 22.1121799946, 0, 7.88495898247, planetlabone.ccs.neu.edu, 54, 9
1446577459, 4.99992576968, 18.5270841122, 0, 11.4696218967, planetlab3.cnds.jhu.edu, 54, 9
1446577460, 4.99992576968, 16.5638370514, 0, 13.435256958, planetlab2.tsuniv.edu, 54, 9
1446577461, 3.52839537269, 20.6043300629, 0, 3.7385559082, planetlab5.csee.usf.edu, 55, 5
1446577462, 3.52839537269, 24.9305779934, 0, 0.673627138138, planetlab5.csee.usf.edu, 56, 5
1446577463, 3.87390610585, 23.7969448566, 0, 1.15723109245, planetlab3.rutgers.edu, 56, 6
1446577464, 3.87390610585, 22.7223470211, 0, 7.27580499649, planetlab2.pop-mg.rnp.br, 56, 6
1446577466, 1.10759679369, 3.59264302254, 0, 1.66011810303, planetlab2.rutgers.edu, 34, 1
1446577467, 3.87390610585, 24.4838018417, 0, 0.522979974747, planetlab2.temple.edu, 57, 6
1446577468, 3.87390610585, 22.6537210941, 0, 1.37759590149, planetlabone.ccs.neu.edu, 56, 6
1446577469, 4.99992576968, 26.2838480473, 0, 1.36980414391, planetlabone.ccs.neu.edu, 57, 9
1446577470, 4.20841691284, 22.0576519966, 0, 1.91647410393, planetlab2.tsuniv.edu, 57, 7
1446577471, 4.20841691284, 26.3650901318, 0, 3.00215101242, pluto.cs.brown.edu, 58, 7
1446577473, 4.71879822859, 27.6043128967, 0, 1.84261012077, planetlab1.cnis.nyit.edu, 57, 8
1446577474, 4.99992576968, 27.5827670097, 0, 2.41423392296, planetlab2.temple.edu, 59, 9
1446577475, 4.71879822859, 27.071295023, 0, 2.92608690262, planetlab3.rutgers.edu, 59, 8
1446577476, 4.20841691284, 26.4730241299, 0, 3.52613091469, pluto.cs.brown.edu, 59, 7
1446577477, 4.71879822859, 24.8046600819, 0, 5.19452595711, planetlab2.tsuniv.edu, 59, 8
1446577478, 2.64223540346, 28.1114580631, 0, 1.88733196259, planetlab1.rutgers.edu, 59, 3
1446577480, 3.52839537269, 22.5269551277, 0, 6.71976089478, planetlab2.cti.espol.edu.ec, 59, 5
1446577481, 0.777665953203, 0, 1.03098392487, 7.22697806358, planetlab2.rutgers.edu, 36, 1
1446577482, 2.64223540346, 25.839673996, 0, 1.68718910217, planetlab2.cti.espol.edu.ec, 60, 3
1446577483, 3.52839537269, 19.5792429447, 0, 4.10258698463, planetlab2.acis.ufl.edu, 59, 5
1446577484, 3.87390610585, 23.9818651676, 0, 6.01732683182, pluto.cs.brown.edu, 60, 6
1446577486, 4.20841691284, 27.163834095, 0, 1.8179628849, pluto.cs.brown.edu, 61, 7
1446577488, 4.20841691284, 18.878895998, 0, 11.1207029819, node1.planetlab.mathcs.emory.edu, 60, 7
1446577489, 3.87390610585, 18.3435821533, 0, 11.4610199928, planetlab2.tsuniv.edu, 60, 6
1446577490, 4.20841691284, 20.0296521187, 0, 9.96702289581, planetlab2.clemson.edu, 60, 7
1446577491, 4.71879822859, 20.433521986, 0, 3.61068987846, planetlab3.rutgers.edu, 61, 8
1446577492, 4.71879822859, 26.0846741199, 0, 3.91352200508, pluto.cs.brown.edu, 62, 8
1446577493, 3.52839537269, 18.9949150085, 0, 4.34860897064, planetlab2.tsuniv.edu, 61, 5
1446577494, 4.99992576968, 12.8214788437, 0, 17.1766021252, planetlab1.temple.edu, 60, 9
1446577496, 2.64223540346, 20.1633980274, 0, 6.59546208382, planetlab1.tsuniv.edu, 62, 3
1446577497, 4.99992576968, 19.2409698963, 0, 5.21356415749, planetlab-01.vt.nodes.planet-lab.org, 62, 9
1446577498, 3.87390610585, 15.1061720848, 0, 7.87924313545, 75-130-96-13.static.oxfr.ma.charter.com, 61, 6
1446577499, 0.451992184782, 0, 4.8178358078, 14.9338219166, planetlab-2.cse.ohio-state.edu, 48, 1
1446577500, 3.07036303898, 16.9049930573, 0, 7.08986592293, planetlab2.tsuniv.edu, 62, 4
1446577502, 4.71879822859, 20.5569710732, 0, 9.44221806526, pluto.cs.brown.edu, 63, 8
1446577503, 2.64223540346, 24.8509089947, 0, 1.09152913094, planetlab2.cti.espol.edu.ec, 64, 3
1446577504, 2.64223540346, 22.5403239727, 0, 0.98840713501, planetlab2.tsuniv.edu, 64, 3
1446577505, 3.52839537269, 22.774903059, 0, 2.7820019722, pluto.cs.brown.edu, 64, 5
1446577506, 3.52839537269, 27.0498950481, 0, 0.724941968918, pluto.cs.brown.edu, 65, 5
1446577507, 3.07036303898, 24.6063289642, 0, 3.38144898415, planetlab5.csee.usf.edu, 65, 4
1446577508, 4.20841691284, 17.7081120014, 0, 8.92180895805, planetlab1.cnis.nyit.edu, 62, 7
1446577509, 4.99992576968, 28.5639619827, 0, 1.43419504166, pluto.cs.brown.edu, 66, 9
1446577510, 4.99992576968, 21.5358788967, 0, 2.50402092934, planetlab1.temple.edu, 65, 9
1446577511, 4.99992576968, 25.8353550434, 0, 0.799082994461, planetlab2.cs.uml.edu, 66, 9
1446577512, 4.71879822859, 19.8666169643, 0, 2.15665602684, planetlab1.cs.uml.edu, 65, 8
1446577513, 3.87390610585, 28.5805108547, 0, 1.41811704636, planetlab3.rutgers.edu, 67, 6
1446577514, 0.974920170834, 0, 0.223909139633, 6.41953396797, planetlab-2.cse.ohio-state.edu, 51, 1
1446577515, 4.99992576968, 27.6444180012, 0, 2.35275697708, pluto.cs.brown.edu, 67, 9
1446577516, 4.99992576968, 25.9836540222, 0, 4.01438903809, planetlab2.tsuniv.edu, 67, 9
1446577517, 4.99992576968, 24.5122148991, 0, 5.48741412163, planetlab2.cs.uml.edu, 67, 9
1446577518, 0.437951542755, 0, 5.12313485146, 10.1230008602, planetlab2.csee.usf.edu, 21, 1
1446577519, 1.03983454472, 0, 0.0816788673401, 5.0815320015, planetlab-2.cse.ohio-state.edu, 52, 1
1446577521, 2.01259578711, 15.0878310204, 0, 5.66712093353, planetlab1.rutgers.edu, 65, 2
1446577522, 3.87390610585, 24.1924140453, 0, 5.80688905716, saturn.planetlab.carleton.ca, 68, 6
1446577523, 4.71879822859, 24.9824721813, 0, 5.01571679115, pluto.cs.brown.edu, 68, 8
1446577525, 0.638137483406, 0, 2.10071516037, 7.10057711601, planetlab2.csee.usf.edu, 22, 1
1446577526, 3.52839537269, 25.360270977, 0, 4.43506908417, planetlab2.tsuniv.edu, 69, 5
1446577527, 0.779549512319, 0, 1.01999807358, 6.01952195168, planetlab2.rutgers.edu, 40, 1
1446577528, 4.99992576968, 22.6854469776, 0, 7.31105017662, planetlab2.clemson.edu, 68, 9
1446577529, 3.52839537269, 27.5975129604, 0, 2.3398308754, planetlab2.temple.edu, 70, 5
1446577530, 3.07036303898, 26.7572991848, 0, 1.56388688087, saturn.planetlab.carleton.ca, 70, 4
1446577531, 3.87390610585, 25.4235019684, 0, 0.282560825348, planetlab3.rutgers.edu, 70, 6
1446577532, 4.99992576968, 29.8463389874, 0, 0.149302959442, planetlab1.cnds.jhu.edu, 71, 9
1446577533, 0.755317505735, 0, 1.16735506058, 6.1669151783, planetlab2.rutgers.edu, 41, 1
1446577534, 4.20841691284, 23.5356547832, 0, 1.58719110489, ebb.colgate.edu, 70, 7
1446577537, 4.71879822859, 24.9645330906, 0, 5.03499794006, planet4.cc.gt.atl.ga.us, 71, 8
1446577538, 4.99992576968, 23.5011770725, 0, 6.49840307236, node1.planetlab.mathcs.emory.edu, 71, 9
1446577539, 4.99992576968, 23.7936911583, 0, 6.20454287529, pluto.cs.brown.edu, 71, 9
1446577540, 4.20841691284, 21.9228169918, 0, 8.07624411583, saturn.planetlab.carleton.ca, 71, 7
1446577541, 4.99992576968, 21.4470210075, 0, 7.08857798576, ebb.colgate.edu, 71, 9
1446577542, 3.52839537269, 20.3853750229, 0, 9.6136329174, planetlab2.pop-mg.rnp.br, 71, 5
1446577543, 4.99992576968, 29.0424849987, 0, 0.95315694809, planetlab1.cnds.jhu.edu, 73, 9
1446577544, 4.71879822859, 18.2351660728, 0, 5.45324993134, planetlabtwo.ccs.neu.edu, 71, 8
1446577545, 4.71879822859, 20.6676940918, 0, 7.95838403702, planetlabone.ccs.neu.edu, 71, 8
1446577547, 4.20841691284, 20.380466938, 0, 6.50999999046, planetlab3.rutgers.edu, 72, 7
1446577548, 4.71879822859, 19.4933350086, 0, 3.74175095558, planetlabtwo.ccs.neu.edu, 72, 8
1446577549, 3.07036303898, 22.6129069328, 0, 3.58584690094, planetlab2.temple.edu, 73, 4
1446577550, 4.20841691284, 16.6759579182, 0, 10.0848488808, planetlab1.temple.edu, 72, 7
1446577551, 4.20841691284, 19.1468260288, 0, 6.52080106735, planetlabone.ccs.neu.edu, 72, 7
1446577552, 4.71879822859, 29.4640879631, 0, 0.535374879837, planetlab3.rutgers.edu, 75, 8
1446577553, 4.99992576968, 24.3980650902, 0, 1.20661592484, planetlab-5.eecs.cwru.edu, 74, 9
1446577554, 2.64223540346, 27.9784650803, 0, 2.02056598663, planetlab2.tsuniv.edu, 75, 3
1446577555, 4.71879822859, 25.175134182, 0, 2.91798496246, planetlabone.ccs.neu.edu, 74, 8
1446577556, 2.01259578711, 15.1778049469, 0, 5.11505007744, planetlab1.rutgers.edu, 72, 2
1446577557, 4.99992576968, 25.5555632114, 0, 4.44422483444, node2.planetlab.mathcs.emory.edu, 75, 9
1446577558, 0.584074096528, 0, 2.69219708443, 7.69205594063, planetlab2.rutgers.edu, 44, 1
1446577559, 2.64223540346, 28.0469331741, 0, 1.94988083839, planetlab2.tsuniv.edu, 76, 3
1446577561, 3.52839537269, 25.933079958, 0, 2.11783719063, node1.planetlab.mathcs.emory.edu, 76, 5
1446577562, 4.99992576968, 24.8789618015, 0, 5.11631822586, planetlab3.rutgers.edu, 76, 9
1446577563, 3.07036303898, 29.0675520897, 0, 0.928634881973, planetlab1.pop-mg.rnp.br, 77, 4
1446577564, 2.01259578711, 12.0229020119, 0, 8.15476489067, planetlab1.rutgers.edu, 73, 2
1446577565, 1.10759679369, 15.5487070084, 0, 1.47402191162, planetlab1.rutgers.edu, 74, 1
1446577567, 2.01259578711, 18.3998029232, 0, 2.14872813225, planetlab1.rutgers.edu, 75, 2
1446577568, 3.52839537269, 28.4239490032, 0, 1.57196712494, planetlab5.csee.usf.edu, 78, 5
1446577569, 4.71879822859, 28.2906868458, 0, 1.70506811142, planetlab3.rutgers.edu, 78, 8
1446577573, 4.20841691284, 29.076914072, 0, 0.921711921692, planetlab2.cs.uml.edu, 79, 7
1446577574, 3.07036303898, 28.4029819965, 0, 1.59424901009, planetlab1.pop-mg.rnp.br, 79, 4
1446577575, 3.52839537269, 25.6561460495, 0, 4.3421728611, planetlab1.rutgers.edu, 78, 5
1446577576, 4.99992576968, 28.9546020031, 0, 1.0416431427, planetlab2.clemson.edu, 79, 9
1446577578, 4.99992576968, 29.3531620502, 0, 0.643029928207, pluto.cs.brown.edu, 80, 9
1446577579, 3.07036303898, 28.3568689823, 0, 1.64028811455, planetlab2.pop-mg.rnp.br, 80, 4
1446577580, 4.20841691284, 27.0510399342, 0, 2.94527506828, planetlab5.csee.usf.edu, 80, 7
1446577581, 0.480946379726, 0, 4.24539613724, 9.24525403976, planetlab2.rutgers.edu, 47, 1
1446577582, 4.99992576968, 29.8390598297, 0, 0.156388998032, planetlab1.cnds.jhu.edu, 81, 9
1446577583, 4.99992576968, 28.9320750237, 0, 1.0636818409, planetlab3.rutgers.edu, 81, 9
1446577584, 3.87390610585, 27.5789480209, 0, 2.41881203651, planetlab5.csee.usf.edu, 81, 6
1446577585, 4.99992576968, 28.0813701153, 0, 1.91478705406, pluto.cs.brown.edu, 81, 9
1446577586, 4.99992576968, 28.7869160175, 0, 1.209004879, planetlab2.cnis.nyit.edu, 81, 9
1446577587, 4.99992576968, 29.8120799065, 0, 0.18341588974, planetlab1.cnds.jhu.edu, 82, 9
1446577588, 4.99992576968, 29.518433094, 0, 0.478755950928, pluto.cs.brown.edu, 82, 9
1446577589, 4.71879822859, 27.970870018, 0, 2.02656817436, planetlab3.cnds.jhu.edu, 82, 8
1446577590, 3.07036303898, 26.7822470665, 0, 3.21481204033, planetlab1.pop-mg.rnp.br, 82, 4
1446577591, 3.07036303898, 26.5031559467, 0, 3.49484610558, planetlab2.pop-mg.rnp.br, 82, 4
1446577592, 4.20841691284, 26.1199958324, 0, 3.87822318077, planetlab2.acis.ufl.edu, 82, 7
1446577593, 4.99992576968, 29.5863881111, 0, 0.409777879715, pluto.cs.brown.edu, 83, 9
1446577594, 4.20841691284, 28.2311689854, 0, 1.76823210716, planetlabtwo.ccs.neu.edu, 83, 7
1446577595, 4.20841691284, 28.3432438374, 0, 1.65585112572, planetlab2.acis.ufl.edu, 83, 7
1446577596, 4.99992576968, 29.0143601894, 0, 0.981575965881, planetlab2.clemson.edu, 83, 9
1446577600, 2.01259578711, 20.749694109, 0, 4.97053480148, planetlab1.rutgers.edu, 82, 2
1446577601, 4.99992576968, 26.2486739159, 0, 3.74775004387, planetlab1.cs.uml.edu, 84, 9
1446577602, 4.99992576968, 24.8798930645, 0, 5.11684894562, pl1.rcc.uottawa.ca, 84, 9
1446577603, 4.71879822859, 24.154708147, 0, 5.84206080437, planetlab2.tsuniv.edu, 84, 8
1446577604, 0.636701989382, 0, 2.11488294601, 7.11471295357, planetlab2.rutgers.edu, 49, 1
1446577605, 3.52839537269, 21.6655180454, 0, 8.33148598671, planetlab2.pop-mg.rnp.br, 84, 5
1446577607, 3.07036303898, 19.3674089909, 0, 10.6317870617, planetlab1.tsuniv.edu, 84, 4
1446577611, 4.99992576968, 19.3715770245, 0, 10.6247470379, planetlab2.cnis.nyit.edu, 84, 9
1446577612, 4.99992576968, 16.1306760311, 0, 13.8658008575, planet3.cc.gt.atl.ga.us, 84, 9
1446577613, 3.52839537269, 18.6818079948, 0, 7.98362398148, planetlab2.pop-mg.rnp.br, 85, 5
1446577614, 4.20841691284, 18.1183381081, 0, 3.73409986496, planetlab3.cnds.jhu.edu, 85, 7
1446577615, 4.20841691284, 18.1024441719, 0, 2.61225986481, 75-130-96-13.static.oxfr.ma.charter.com, 85, 7
1446577616, 4.99992576968, 10.9765701294, 0, 19.0197899342, planetlab5.csee.usf.edu, 84, 9
1446577617, 3.07036303898, 20.4257230759, 0, 3.47062397003, planetlab1.pop-mg.rnp.br, 86, 4
1446577618, 4.99992576968, 18.2843959332, 0, 11.7112259865, planetlab1.cnds.jhu.edu, 86, 9
1446577619, 4.99992576968, 23.3825671673, 0, 2.85843896866, planet4.cc.gt.atl.ga.us, 87, 9
1446577620, 4.99992576968, 21.764261961, 0, 4.47700595856, planetlab3.rutgers.edu, 87, 9
1446577622, 3.52839537269, 20.251636982, 0, 5.72484302521, planetlab2.pop-mg.rnp.br, 87, 5
1446577623, 3.87390610585, 24.0364689827, 0, 0.431600809097, planetlab1.cnds.jhu.edu, 88, 6
1446577624, 4.20841691284, 12.9542839527, 0, 6.50612401962, planetlab5.csee.usf.edu, 86, 7
1446577625, 4.71879822859, 20.7382659912, 0, 0.69624710083, planetlab2.clemson.edu, 87, 8
1446577626, 3.52839537269, 11.4332830906, 0, 12.5537848473, planetlab2.cti.espol.edu.ec, 86, 5
1446577627, 3.87390610585, 19.1965749264, 0, 0.307702064514, planetlab-04.vt.nodes.planet-lab.org, 88, 6
1446577628, 1.10759679369, 1.57120800018, 0, 5.87498998642, planetlab2.rutgers.edu, 53, 1
1446577629, 3.87390610585, 12.4796140194, 0, 5.47460699081, planetlab5.csee.usf.edu, 87, 6
1446577630, 2.64223540346, 16.9191100597, 0, 0.560443878174, planetlab5.csee.usf.edu, 88, 3
1446577631, 4.99992576968, 20.5951700211, 0, 1.32387804985, planetlab5.csee.usf.edu, 89, 9
1446577632, 3.07036303898, 25.5081059933, 0, 1.03871703148, planetlab2.cti.espol.edu.ec, 90, 4
1446577633, 4.99992576968, 22.2651040554, 0, 7.73351287842, planetlab1.cnis.nyit.edu, 88, 9
1446577634, 3.52839537269, 27.381652832, 0, 2.16487312317, planetlab2.temple.edu, 91, 5
1446577635, 3.52839537269, 21.7203729153, 0, 0.479058027267, planetlab2.cs.uml.edu, 90, 5
1446577636, 4.99992576968, 26.125962019, 0, 0.594352006912, planetlab2.cs.uml.edu, 91, 9
1446577637, 4.99992576968, 19.851140976, 0, 5.42102885246, planetlab3.rutgers.edu, 90, 9
1446577638, 3.52839537269, 28.164041996, 0, 1.83345794678, planetlab2.temple.edu, 92, 5
1446577639, 3.52839537269, 28.0128991604, 0, 1.98509883881, planetlab2.tsuniv.edu, 92, 5
1446577642, 2.64223540346, 24.9108819962, 0, 2.54211711884, planetlab1.tsuniv.edu, 92, 3
1446577643, 4.99992576968, 28.4111588001, 0, 1.58469009399, planetlab1.cnds.jhu.edu, 93, 9
1446577644, 4.71879822859, 22.8270010948, 0, 7.17045593262, planetlab1.cs.uml.edu, 92, 8
1446577645, 4.71879822859, 21.5039739609, 0, 7.52242398262, planetlab3.rutgers.edu, 92, 8
1446577646, 4.71879822859, 22.0079939365, 0, 7.99110507965, planetlab2.acis.ufl.edu, 92, 8
1446577647, 4.20841691284, 20.2965531349, 0, 9.63153982162, planetlab5.csee.usf.edu, 92, 7
1446577648, 0.106614222261, 0, 27.2433798313, 32.2432420254, planetlab2.csee.usf.edu, 27, 1
1446577649, 4.20841691284, 23.0099430084, 0, 0.626290082932, planetlab2.cs.uml.edu, 93, 7
1446577650, 4.20841691284, 21.995017767, 0, 8.00102806091, planetlab1.acis.ufl.edu, 93, 7
1446577651, 4.20841691284, 20.4437580109, 0, 9.55338311195, planetlab2.tsuniv.edu, 93, 7
1446577652, 3.52839537269, 25.0565900803, 0, 0.387110948563, planetlab2.tsuniv.edu, 94, 5
1446577653, 4.20841691284, 21.8587808609, 0, 0.775634050369, planetlab2.cnis.nyit.edu, 93, 7
1446577654, 2.01259578711, 27.8641560078, 0, 2.13524603844, planetlab2.pop-mg.rnp.br, 95, 2
1446577655, 4.99992576968, 22.1827771664, 0, 7.0730369091, pluto.cs.brown.edu, 94, 9
1446577656, 3.52839537269, 26.9019501209, 0, 0.280762910843, pluto.cs.brown.edu, 95, 5
1446577657, 3.52839537269, 26.145154953, 0, 0.334610939026, planet3.cc.gt.atl.ga.us, 95, 5
1446577658, 4.20841691284, 28.9803030491, 0, 1.01824688911, planetlab5.csee.usf.edu, 96, 7
1446577659, 2.01259578711, 27.6106641293, 0, 2.38829302788, planetlab1.tsuniv.edu, 96, 2
1446577660, 4.99992576968, 27.729845047, 0, 2.26790094376, pluto.cs.brown.edu, 96, 9
1446577663, 4.71879822859, 29.5647079945, 0, 0.432480096817, pluto.cs.brown.edu, 97, 8
1446577664, 2.64223540346, 28.2369110584, 0, 1.76011896133, planetlab2.pop-mg.rnp.br, 97, 3
1446577665, 4.71879822859, 26.74852705, 0, 3.2472679615, planetlab5.csee.usf.edu, 97, 8
1446577666, 3.87390610585, 29.528673172, 0, 0.470830917358, planetlab2.clemson.edu, 97, 6
1446577667, 4.99992576968, 29.7581579685, 0, 0.236037969589, planetlab1.cnds.jhu.edu, 98, 9
1446577668, 3.52839537269, 28.5375189781, 0, 1.45955991745, planetlab2.cs.uml.edu, 98, 5
1446577669, 3.87390610585, 27.6445639133, 0, 2.35408306122, planetlab5.csee.usf.edu, 98, 6
1446577670, 3.87390610585, 27.8110361099, 0, 2.18763899803, planet3.cc.gt.atl.ga.us, 98, 6
1446577671, 4.99992576968, 26.9199872017, 0, 3.07619595528, pluto.cs.brown.edu, 98, 9
1446577672, 0.254153798755, 0, 11.9055829048, 16.9054150581, planetlab-2.cse.ohio-state.edu, 61, 1
1446577673, 2.01259578711, 26.4674999714, 0, 3.37989902496, pl1.eecs.utk.edu, 98, 2
1446577674, 4.20841691284, 28.6777510643, 0, 1.32040500641, pluto.cs.brown.edu, 99, 7
1446577675, 3.87390610585, 27.6662020683, 0, 2.32720303535, planetlab2.cti.espol.edu.ec, 99, 6
1446577676, 3.87390610585, 26.2723529339, 0, 3.72478413582, planetlab5.csee.usf.edu, 99, 6
1446577677, 4.71879822859, 24.9231028557, 0, 5.0749809742, planetlab1.temple.edu, 99, 8
1446577678, 3.87390610585, 28.8574049473, 0, 1.06561183929, planetlab1.temple.edu, 100, 6
1446577679, 4.99992576968, 28.7301580906, 0, 1.26596593857, pluto.cs.brown.edu, 100, 9
1446577680, 4.99992576968, 26.0410108566, 0, 3.95494508743, planetlab-04.vt.nodes.planet-lab.org, 100, 9
1446577681, 3.87390610585, 26.9263989925, 0, 3.05071806908, planetlab2.cti.espol.edu.ec, 100, 6
1446577682, 4.99992576968, 28.4027619362, 0, 1.59463000298, planetlab2.cnis.nyit.edu, 100, 9
1446577684, 4.99992576968, 28.7308051586, 0, 1.26528787613, pluto.cs.brown.edu, 101, 9
1446577685, 2.01259578711, 21.0798630714, 0, 3.54415082932, planetlab1.rutgers.edu, 99, 2
1446577686, 0.418501420036, 0, 5.57973003387, 10.5795590878, planetlab2.rutgers.edu, 59, 1
1446577687, 3.07036303898, 24.8634450436, 0, 5.13626384735, planetlab1.pop-mg.rnp.br, 101, 4
1446577688, 0.506589413602, 0, 3.79507017136, 8.79492616653, planetlab2.csee.usf.edu, 30, 1
1446577689, 3.87390610585, 23.4011161327, 0, 6.59740996361, planetlab2.cti.espol.edu.ec, 101, 6
1446577691, 2.01259578711, 24.9197940826, 0, 2.83020401001, planetlab1.rutgers.edu, 101, 2
1446577692, 4.99992576968, 24.3582010269, 0, 5.63931298256, planetlab2.temple.edu, 102, 9
1446577693, 2.01259578711, 26.6900939941, 0, 3.3043820858, pl1.eecs.utk.edu, 102, 2
1446577694, 4.99992576968, 22.9869289398, 0, 7.01038503647, pl1.rcc.uottawa.ca, 102, 9
1446577695, 2.64223540346, 27.2584059238, 0, 2.74120903015, planetlab2.pop-mg.rnp.br, 103, 3
1446577696, 4.99992576968, 21.2752270699, 0, 8.72088909149, pluto.cs.brown.edu, 102, 9
1446577697, 2.64223540346, 28.5711140633, 0, 1.42706489563, planetlab1.rutgers.edu, 103, 3
1446577698, 4.20841691284, 24.7308139801, 0, 1.54434609413, pluto.cs.brown.edu, 103, 7
1446577699, 3.07036303898, 27.8322570324, 0, 2.16577100754, planetlab2.pop-mg.rnp.br, 104, 4
1446577700, 4.99992576968, 25.9102129936, 0, 2.66729283333, planetlab-04.vt.nodes.planet-lab.org, 104, 9
1446577701, 4.71879822859, 25.6584498882, 0, 2.54340100288, planetlab1.temple.edu, 104, 8
1446577702, 4.99992576968, 26.0108640194, 0, 3.71988201141, pluto.cs.brown.edu, 104, 9
1446577703, 4.99992576968, 18.4690628052, 0, 11.5264570713, planetlab1.cnds.jhu.edu, 103, 9
1446577704, 4.71879822859, 22.510283947, 0, 6.3976290226, planetlab1.cs.uml.edu, 104, 8
1446577705, 4.99992576968, 27.2689681053, 0, 2.7282640934, pluto.cs.brown.edu, 105, 9
1446577706, 2.64223540346, 25.5591650009, 0, 2.36643004417, planetlab1.tsuniv.edu, 105, 3
1446577707, 4.71879822859, 24.7709069252, 0, 5.22759509087, planetlab5.csee.usf.edu, 105, 8
1446577708, 4.20841691284, 24.1508238316, 0, 3.74838709831, ebb.colgate.edu, 105, 7
1446577710, 3.52839537269, 22.201996088, 0, 7.79515790939, planetlab2.pop-mg.rnp.br, 105, 5
1446577713, 4.20841691284, 24.0771918297, 0, 5.07357597351, ebb.colgate.edu, 106, 7
1446577714, 4.99992576968, 22.7270469666, 0, 7.27199101448, planetlab1.temple.edu, 106, 9
1446577715, 3.87390610585, 24.8996059895, 0, 0.42446398735, planetlab2.cnis.nyit.edu, 106, 6
1446577716, 4.99992576968, 20.8259289265, 0, 9.17281293869, planetlab2.cs.uml.edu, 106, 9
1446577719, 3.52839537269, 22.6390430927, 0, 2.53649401665, planetlab5.csee.usf.edu, 107, 5
1446577720, 4.20841691284, 21.7289419174, 0, 5.99801707268, planetlab1.temple.edu, 107, 7
1446577722, 4.71879822859, 24.0919079781, 0, 3.48768806458, planetlab2.temple.edu, 108, 8
1446577723, 4.20841691284, 23.7599959373, 0, 3.87898302078, planetlab5.csee.usf.edu, 108, 7
1446577726, 4.20841691284, 19.8671319485, 0, 9.50844216347, planetlab1.rutgers.edu, 107, 7
1446577727, 4.99992576968, 28.5133469105, 0, 1.48208212852, planetlab1.cnis.nyit.edu, 108, 9
1446577728, 4.71879822859, 23.2052378654, 0, 6.79403018951, planetlab-01.vt.nodes.planet-lab.org, 109, 8
1446577729, 4.20841691284, 17.6291987896, 0, 9.09965515137, planetlab1.temple.edu, 108, 7
1446577730, 4.71879822859, 22.3406610489, 0, 6.41927289963, planetlab5.csee.usf.edu, 109, 8
1446577731, 3.87390610585, 19.3202838898, 0, 5.54671311378, planetlab1.rutgers.edu, 108, 6
1446577733, 3.87390610585, 23.377229929, 0, 4.26552510262, planetlab2.temple.edu, 110, 6
1446577735, 0.603126292012, 0, 2.46949195862, 7.46933484077, planetlab-2.cse.ohio-state.edu, 65, 1
1446577737, 4.99992576968, 22.8884811401, 0, 7.11083292961, planetlabone.ccs.neu.edu, 110, 9
1446577739, 4.99992576968, 12.661383152, 0, 16.2148358822, planetlab2.tsuniv.edu, 109, 9
1446577740, 3.87390610585, 21.824712038, 0, 1.15671896935, planetlab3.cnds.jhu.edu, 111, 6
1446577741, 4.20841691284, 20.5968279839, 0, 7.78032803535, planetlab2.temple.edu, 111, 7
1446577742, 4.99992576968, 23.725867033, 0, 6.26995992661, planetlab1.cnis.nyit.edu, 110, 9
1446577744, 4.99992576968, 26.5417020321, 0, 3.35398602486, planetlabone.ccs.neu.edu, 112, 9
1446577745, 3.87390610585, 21.1529610157, 0, 5.02384901047, planetlab-01.vt.nodes.planet-lab.org, 112, 6
1446577746, 1.10759679369, 1.01878404617, 0, 3.98105406761, planetlab-2.cse.ohio-state.edu, 67, 1
1446577747, 2.64223540346, 15.3206920624, 0, 5.71830296516, planetlab1.pop-mg.rnp.br, 111, 3
1446577748, 3.52839537269, 23.3615100384, 0, 2.43346190453, planetlab2.temple.edu, 113, 5
1446577749, 2.64223540346, 23.249712944, 0, 0.959558963776, planetlab2.pop-mg.rnp.br, 113, 3
1446577750, 3.07036303898, 26.2890598774, 0, 2.07236003876, planetlab2.temple.edu, 114, 4
1446577751, 4.99992576968, 15.5262210369, 0, 10.1159648895, planetlab2.cs.uml.edu, 112, 9
1446577753, 3.07036303898, 28.1615638733, 0, 0.156357049942, plonk.cs.uwaterloo.ca, 115, 4
1446577754, 2.64223540346, 28.3564200401, 0, 1.642608881, planetlab2.pop-mg.rnp.br, 115, 3
1446577755, 4.99992576968, 22.0275139809, 0, 7.49778103828, plink.cs.uwaterloo.ca, 114, 9
1446577756, 3.52839537269, 25.8544809818, 0, 1.17295002937, plink.cs.uwaterloo.ca, 115, 5
1446577757, 2.64223540346, 29.5047399998, 0, 0.495031833649, planetlab2.temple.edu, 116, 3
1446577758, 3.52839537269, 28.8301079273, 0, 1.1688990593, plink.cs.uwaterloo.ca, 116, 5
1446577759, 4.71879822859, 28.5104551315, 0, 0.57642698288, planetlab3.cnds.jhu.edu, 116, 8
1446577761, 3.52839537269, 29.1147689819, 0, 0.884316205978, planetlab2.clemson.edu, 116, 5
1446577762, 3.07036303898, 29.3650200367, 0, 0.63098692894, plink.cs.uwaterloo.ca, 117, 4
1446577763, 3.87390610585, 28.9717569351, 0, 1.0242600441, planetlabtwo.ccs.neu.edu, 117, 6
1446577764, 3.52839537269, 29.0568830967, 0, 0.940260887146, planetlab2.cti.espol.edu.ec, 117, 5
1446577765, 3.87390610585, 25.937071085, 0, 4.0600438118, planetlab1.rutgers.edu, 116, 6
1446577766, 3.52839537269, 29.2253661156, 0, 0.770394086838, planetlab2.clemson.edu, 117, 5
1446577767, 3.52839537269, 29.4228179455, 0, 0.567197084427, planetlab2.temple.edu, 118, 5
1446577768, 3.52839537269, 28.6836268902, 0, 1.31182718277, plink.cs.uwaterloo.ca, 118, 5
1446577769, 3.52839537269, 28.897028923, 0, 1.00688004494, planetlab2.cti.espol.edu.ec, 118, 5
1446577770, 4.99992576968, 29.5285968781, 0, 0.466490030289, planetlab2.cnis.nyit.edu, 118, 9
1446577771, 4.99992576968, 29.4998519421, 0, 0.495733976364, planetlab1.cnis.nyit.edu, 117, 9
1446577772, 3.52839537269, 29.5306410789, 0, 0.465506792068, plink.cs.uwaterloo.ca, 119, 5
1446577773, 2.64223540346, 29.4004161358, 0, 0.596711874008, planetlab2.pop-mg.rnp.br, 119, 3
1446577774, 3.87390610585, 29.1606390476, 0, 0.822834968567, planetlab2.cti.espol.edu.ec, 119, 6
1446577776, 1.10759679369, 10.5233280659, 0, 2.11787390709, planetlab-2.cse.ohio-state.edu, 75, 1
1446577788, 1.10759679369, 3.62504601479, 0, 11.8981471062, planetlab-2.cse.ohio-state.edu, 76, 1
1446577805, 0.48637653267, 0, 4.14586806297, 9.14573216438, planetlab2.csee.usf.edu, 37, 1
1446577823, 1.10759679369, 13.9273860455, 0, 4.86468696594, planetlab-2.cse.ohio-state.edu, 85, 1
1446577832, 1.10759679369, 1.93789291382, 0, 3.06197094917, planetlab2.csee.usf.edu, 40, 1
1446577837, 1.10759679369, 4.52432894707, 0, 14.4027690887, planetlab-2.cse.ohio-state.edu, 86, 1
1446577844, 1.10759679369, 2.34631204605, 0, 7.17788410187, planetlab-2.cse.ohio-state.edu, 87, 1
1446577848, 0.349123820626, 0, 7.6030421257, 13.6633939743, planetlab2.rutgers.edu, 76, 1
1446577850, 1.10759679369, 3.28803300858, 0, 1.71182608604, planetlab2.rutgers.edu, 77, 1
1446577851, 1.10759679369, 1.01630711555, 0, 6.3298740387, planetlab-2.cse.ohio-state.edu, 88, 1
1446577854, 1.10759679369, 4.11022496223, 0, 4.17766499519, planetlab2.rutgers.edu, 78, 1
1446577858, 0.295004533283, 0, 9.76908683777, 14.7689499855, planetlab2.csee.usf.edu, 42, 1
1446577882, 1.10759679369, 0.509505987167, 0, 10.2786250114, planetlab2.rutgers.edu, 83, 1
1446577899, 0.572007264085, 0, 2.84212207794, 7.84198403358, planetlab2.csee.usf.edu, 45, 1
1446577900, 0.255920486735, 0, 11.8019299507, 17.311300993, planetlab2.rutgers.edu, 84, 1
1446577912, 1.10759679369, 0.47191286087, 0, 4.52795100212, planetlab2.csee.usf.edu, 47, 1
1446577920, 2.01259578711, 11.5230541229, 0, 8.55623984337, planetlab-2.cse.ohio-state.edu, 104, 2
1446577923, 0.421733856018, 0, 5.50097417831, 10.9727549553, planetlab2.csee.usf.edu, 48, 1
1446577925, 1.10759679369, 11.4483029842, 0, 5.07461905479, planetlab-2.cse.ohio-state.edu, 105, 1
1446577952, 0.890456370742, 0, 0.493334054947, 8.33700704575, planetlab-2.cse.ohio-state.edu, 108, 1
1446577958, 0.826013608698, 0, 0.772053003311, 5.77190518379, planetlab-2.cse.ohio-state.edu, 109, 1
1446577963, 0.476324828742, 0, 4.33196496964, 9.3317990303, planetlab2.csee.usf.edu, 52, 1
1446577965, 0.673984556522, 0, 1.77076387405, 6.77061891556, planetlab-2.cse.ohio-state.edu, 110, 1
1446577968, 1.10759679369, 1.62103199959, 0, 3.37880206108, planetlab-2.cse.ohio-state.edu, 111, 1
1446577976, 0.557326510104, 0, 3.03449201584, 8.03435087204, planetlab2.rutgers.edu, 98, 1
1446577985, 0.497373814147, 0, 3.9512720108, 8.93407201767, planetlab2.csee.usf.edu, 55, 1
1446577992, 1.10759679369, 2.31811785698, 0, 2.68169999123, planetlab2.rutgers.edu, 100, 1
1446577999, 0.329121439928, 0, 8.33086395264, 13.3306999207, planetlab2.csee.usf.edu, 56, 1
1446578002, 0.552279521001, 0, 3.10328412056, 10.4212651253, planetlab2.rutgers.edu, 101, 1
1446578008, 0.499423055403, 0, 3.91600894928, 8.91587305069, planetlab2.csee.usf.edu, 57, 1
1446578015, 0.658700792534, 0, 1.90600705147, 6.90586900711, planetlab2.csee.usf.edu, 58, 1
1446578031, 0.489648490912, 0, 4.08701086044, 9.08687496185, planetlab2.csee.usf.edu, 60, 1
1446578045, 0.25482995063, 0, 11.865778923, 16.8656380177, planetlab2.rutgers.edu, 105, 1
1446578062, 0.363890767212, 0, 7.11221504211, 12.4266600609, planetlab2.rutgers.edu, 107, 1
1446578078, 0.379570664148, 0, 6.6296339035, 12.0676040649, planetlab2.rutgers.edu, 109, 1
1446578087, 1.10759679369, 0.122483968735, 0, 6.42028307915, planetlab2.csee.usf.edu, 67, 1
1446578096, 0.477623081561, 0, 4.30747103691, 9.42982506752, planetlab2.csee.usf.edu, 68, 1
1446578105, 0.681612097362, 0, 1.70611310005, 6.70597100258, planetlab2.rutgers.edu, 112, 1
1446578112, 0.540311852449, 0, 3.27213096619, 8.2719950676, planetlab2.csee.usf.edu, 70, 1
1446578122, 0.450649245685, 0, 4.84620881081, 9.84607386589, planetlab2.csee.usf.edu, 71, 1
1446578150, 0.87848356095, 0, 0.539937019348, 5.53978705406, planetlab2.csee.usf.edu, 75, 1
1446578160, 0.425322630211, 0, 5.4149119854, 10.4147729874, planetlab2.csee.usf.edu, 76, 1
1446578175, 0.457217575897, 0, 4.7090420723, 11.5418829918, planetlab2.csee.usf.edu, 78, 1
1446578181, 0.844217021911, 0, 0.686151027679, 5.68601512909, planetlab2.csee.usf.edu, 79, 1
1446578188, 0.59112517391, 0, 2.60783481598, 7.60770082474, planetlab2.csee.usf.edu, 80, 1
1446578211, 0.180826685686, 0, 17.4602210522, 22.4600858688, planetlab2.csee.usf.edu, 81, 1
1446578234, 0.391817373997, 0, 6.27790212631, 11.2777650356, planetlab2.csee.usf.edu, 83, 1
1446578342, 0.330473649699, 0, 8.27919721603, 13.2790632248, planetlab2.csee.usf.edu, 88, 1
1446578408, 1.10759679369, 0.986850976944, 0, 4.01298999786, planetlab2.csee.usf.edu, 94, 1
1446578427, 0.528938478605, 0, 3.4404129982, 12.8559730053, planetlab2.csee.usf.edu, 97, 1
1446578433, 0.895075071835, 0, 0.475949048996, 5.47581410408, planetlab2.csee.usf.edu, 98, 1
1446578435, 1.10759679369, 2.63806414604, 0, 2.36179995537, planetlab2.csee.usf.edu, 99, 1
1446578438, 1.10759679369, 4.87174701691, 0, 2.76618790627, planetlab2.csee.usf.edu, 100, 1
1446578448, 0.920552821383, 0, 0.385778903961, 10.2573850155, planetlab2.csee.usf.edu, 101, 1
1446578471, 0.669071262563, 0, 1.81339716911, 6.8132610321, planetlab2.csee.usf.edu, 104, 1
1446578509, 0.14197875907, 0, 21.8354640007, 26.8353009224, planetlab2.csee.usf.edu, 106, 1
1446578539, 0.333955598225, 0, 8.14785814285, 13.1476950645, planetlab2.csee.usf.edu, 108, 1
1446578568, 0.30189513218, 0, 9.45623803139, 14.4560859203, planetlab2.csee.usf.edu, 110, 1
1446578600, 1.10759679369, 1.5023829937, 0, 3.49747896194, planetlab2.csee.usf.edu, 113, 1
1446578603, 1.10759679369, 3.04291510582, 0, 3.45804095268, planetlab2.csee.usf.edu, 114, 1
